{"episode_rewards": [774.7621587887406, 664.6781542114913, 547.1758497073315, 596.8980693253689, 584.997074041632, 662.2660585977137, 728.4974769637764, 1078.8972955041681, 938.7777386629023, 1110.2679093059196, 1137.293037392199, 1068.806778728962, 1172.609599482268, 1181.7484869731707, 1169.7803621205094, 1165.0698270648718, 1173.3644547790755, 1159.6232577614137, 1134.7986528511392, 1042.5641080560163, 927.7799944132566, 1158.2225982044674, 1185.1959485188127, 1185.8331883512437, 1191.7108536408496, 1183.93791873207, 1191.2711833640824, 1194.9214156794715, 1190.5685893003829, 1184.7430643555708, 1208.1192281313706, 1185.732554525137, 1164.537825847976, 1184.0105807289133, 1076.7873890358023, 1164.323416841682, 1182.8223793515936, 1213.797514126054, 1200.6101898059715, 1232.5648534514476, 1212.9501839733566, 1176.6490146351498, 1184.6420917939395, 1136.55910384655, 1226.573047550571, 1176.2987781009579, 1186.113090949133, 1142.318690419197, 1170.9833257992286, 1168.7174437733192], "episode_cells_marker_pred_1": [280, 254, 215, 222, 222, 248, 239, 336, 300, 336, 357, 341, 351, 350, 357, 346, 357, 344, 326, 328, 294, 344, 356, 356, 342, 344, 364, 353, 345, 364, 365, 353, 354, 357, 354, 353, 355, 358, 341, 358, 353, 343, 345, 350, 359, 351, 353, 345, 353, 336], "episode_cells_seen_pov": [81, 81, 75, 97, 87, 88, 137, 176, 148, 246, 294, 276, 253, 326, 311, 240, 320, 292, 216, 175, 125, 328, 327, 332, 373, 302, 341, 387, 376, 336, 367, 300, 259, 304, 371, 267, 375, 385, 270, 367, 325, 272, 311, 159, 350, 256, 285, 160, 237, 244], "episode_steps": [1000, 1000, 1000, 1000, 1000, 1000, 1000, 1000, 1000, 1000, 1000, 1000, 1000, 1000, 1000, 1000, 1000, 1000, 1000, 1000, 1000, 1000, 1000, 1000, 1000, 1000, 1000, 1000, 1000, 1000, 1000, 1000, 1000, 1000, 1000, 1000, 1000, 1000, 1000, 959, 1000, 1000, 1000, 1000, 1000, 1000, 1000, 1000, 1000, 1000], "training_time_seconds": 748.2139399051666}