{"episode_rewards": [639.4612585306168, 636.1585198033717, -74.94456893578172, 910.3477815166116, 1003.4830150444523, 1106.1781869600527, 978.3505144156516, 1106.9224240428148, 1125.6410881597549, 1102.4639850289677, 886.6441543288529, 1146.8800947017153, 1116.747780233156, 797.7368233129382, 1166.568563491106, 1146.596671360032, 1181.1013352265581, 1101.9974296453188, 1187.0475679505616, 1171.679180751089, 1169.9996275901794, 1193.8910476000697, 1174.1949450417887, 1157.2176975533366, 1195.2561454043655, 1186.802875755499, 1160.0698887631297, 1174.2870164811611, 1166.4840124829352, 1171.9692285258789, 1181.5985457613133, 1149.989296300395, 1187.7738738320768, 1167.3205589493737, 1175.5687861443294, 1141.4176012692042, 1145.5220334599871, 1165.096322871981, 1162.289222959429, 1150.841026125221, 1140.917175296694, 1144.121326122433, 1108.038902410306, 1179.8706102069573, 1074.5516629628837, 1126.867562983185, 1145.1641896757064, 1132.8406212814152, 1184.051363978535, 1160.9927971810102], "episode_cells_marker_pred_1": [239, 281, 145, 345, 339, 359, 330, 329, 328, 333, 285, 348, 341, 252, 345, 345, 354, 331, 357, 349, 350, 356, 347, 348, 352, 354, 346, 354, 338, 354, 352, 348, 343, 346, 342, 346, 336, 355, 349, 345, 342, 343, 334, 347, 334, 342, 355, 349, 352, 347], "episode_cells_seen_pov": [92, 84, 24, 109, 233, 174, 234, 258, 220, 220, 102, 251, 271, 124, 255, 267, 345, 176, 350, 244, 312, 347, 329, 271, 347, 366, 260, 317, 272, 291, 329, 270, 342, 272, 328, 202, 236, 317, 262, 292, 170, 224, 130, 286, 156, 201, 198, 164, 291, 208], "episode_steps": [1000, 1000, 1000, 1000, 1000, 1000, 1000, 1000, 1000, 1000, 1000, 1000, 1000, 1000, 1000, 1000, 1000, 1000, 1000, 1000, 1000, 1000, 1000, 1000, 1000, 1000, 1000, 1000, 1000, 1000, 1000, 1000, 1000, 1000, 1000, 1000, 1000, 1000, 1000, 1000, 1000, 1000, 1000, 1000, 1000, 1000, 1000, 1000, 1000, 1000]}