{"episode_rewards": [3995.5261933710426, 4397.882599509931, 6386.501584707294, 6756.316184133291, 6946.979067242704, 6874.403512901394, 6919.313207016094, 6753.37685582196, 7049.157261855202, 7096.372478731544, 6698.153161734343, 6889.423052203267, 7001.915367560461, 6544.918163144961, 6430.462960528152, 6496.598007543944], "episode_cells_marker_pred_1": [1433, 1502, 2010, 2045, 2143, 2091, 2085, 2087, 2121, 2153, 2082, 2138, 2150, 2005, 2025, 2053], "episode_cells_seen_pov": [267, 437, 928, 1279, 982, 1045, 1188, 905, 822, 946, 582, 683, 773, 367, 319, 402], "episode_steps": [3000, 3000, 3000, 3000, 3000, 3000, 3000, 3000, 3000, 3000, 3000, 3000, 3000, 3000, 3000, 3000], "training_time_seconds": 985.83802485466}