{"episode_rewards": [2449.5015901381803, 5597.880786725786, 5218.575039660558, 6247.417497794037, 6905.25734761155, 6129.01373313828, 6034.701453538553, 6227.116532545944, 6898.223785929891, 5783.074118803635, 6695.622401696868, 6370.131828520447, 6248.109462951368, 5828.196746809408, 6172.976964987814, 6401.7511396966875], "episode_cells_marker_pred_1": [1006, 1807, 1679, 1950, 2078, 1928, 1864, 1998, 2135, 1889, 2054, 1979, 1987, 1868, 1934, 2028], "episode_cells_seen_pov": [316, 795, 840, 894, 1119, 697, 790, 419, 823, 435, 734, 517, 364, 286, 504, 509], "episode_steps": [3000, 3000, 3000, 3000, 3000, 3000, 3000, 3000, 3000, 3000, 3000, 3000, 3000, 3000, 3000, 3000], "training_time_seconds": 911.7409343719482}