{"episode_rewards": [592.6249085380114, 601.0651493370533, 603.2561959773302, 828.2827771864831, 751.4267425239086, 326.5435719913803, 670.9581441879272, -311.54721592366695, 439.2923676520586, 475.3815043196082, 556.6855693310499, 501.97016040926565, 629.6954087466002, 769.0840586423874, 650.737392604351, 390.2581667304039, 621.0102807506919, 737.8714747130871, 779.419615585357, 574.2109147310257, 459.91232496500015, 561.2083209455013, 665.1222976446152, 652.3913098275661, 531.8185690790415, 679.7077622711658, 386.2127373814583, 329.30825789179653, 562.7214457690716, 459.5655074119568, 645.1434234380722, 590.7890864312649, 637.0198885798454, 341.32731890678406, 755.1193497946952, 733.2702482044697, 802.5653603672981, 847.7713459730148, 618.951467640698, 573.8626470267773, 737.6765204966068, 632.8347675800323, 623.7985309362411, 537.8573426604271, 492.59333032369614, 547.4713834822178, 565.5753845497966, 391.5858939513564, 817.461320489645, 424.74721252918243], "episode_cells_marker_pred_1": [239, 231, 244, 276, 251, 157, 233, 120, 148, 218, 226, 189, 199, 272, 218, 136, 215, 242, 260, 197, 152, 197, 234, 226, 188, 239, 142, 107, 181, 157, 234, 211, 218, 117, 248, 258, 267, 276, 205, 198, 258, 204, 223, 183, 172, 188, 203, 121, 275, 151], "episode_cells_seen_pov": [76, 90, 65, 48, 18, 5, 2, 9, 7, 11, 8, 2, 11, 8, 2, 1, 9, 12, 9, 2, 12, 3, 10, 5, 5, 5, 6, 6, 1, 3, 1, 3, 8, 8, 10, 7, 8, 23, 11, 3, 4, 8, 4, 1, 6, 2, 3, 1, 14, 1], "episode_steps": [1000, 1000, 1000, 1000, 1000, 1000, 1000, 1000, 1000, 1000, 1000, 1000, 1000, 1000, 1000, 1000, 1000, 1000, 1000, 1000, 1000, 1000, 1000, 1000, 1000, 1000, 1000, 1000, 1000, 1000, 1000, 1000, 1000, 1000, 1000, 1000, 1000, 1000, 1000, 1000, 1000, 1000, 1000, 1000, 1000, 1000, 1000, 1000, 1000, 1000]}