{"episode_rewards": [496.03298480110243, 337.1521885136608, -49.831855185329914, -66.54424795508385, -49.84353607147932, 647.1241950429976, 807.9923405945301, 917.5380304902792, 1046.4048919801717, 929.5969298165292, 1168.21621334184, 1150.478566251346, 1089.8139278786257, 1128.595108511392, 576.5999264903367, 1154.5982591295615, 1143.273476652801, 1104.3951452057809, 1163.5509023592822, 1180.296138862148, 1168.6783837396652, 1201.707440530532, 1188.7341935504828, 1191.003235898912, 1173.629457654234, 1177.5952575232827, 1116.8389212340117, 1161.0087633901276, 1114.916812742129, 1202.0495605943725, 1143.3834006022662, 1179.6307329353876, 1130.2107340173243, 1185.1499766849447, 1008.1948786228895, 1188.243224653299, 1105.6997167393565, 1154.8025328647345, 1193.174283474218, 1154.0478155294113, 1176.7814975203946, 1110.4983537411317, 1202.9462048508021, 1187.6920686950907, 1167.7441316619515, 1176.4526392426342, 1170.3812157446519, 1147.013541365508, 1148.1380863704253, 1025.4357138739433], "episode_cells_marker_pred_1": [211, 200, 146, 161, 209, 267, 281, 303, 347, 322, 341, 359, 335, 347, 189, 352, 350, 347, 338, 351, 360, 353, 359, 358, 359, 351, 344, 346, 347, 345, 353, 346, 353, 360, 343, 356, 342, 347, 365, 350, 348, 353, 367, 354, 344, 355, 348, 340, 346, 354], "episode_cells_seen_pov": [74, 41, 49, 37, 48, 86, 131, 135, 178, 162, 346, 356, 198, 218, 92, 232, 231, 169, 242, 341, 337, 293, 308, 309, 274, 283, 174, 248, 248, 357, 265, 344, 184, 294, 97, 301, 134, 195, 343, 219, 272, 330, 311, 327, 279, 305, 283, 168, 219, 205], "episode_steps": [1000, 1000, 1000, 1000, 1000, 1000, 1000, 1000, 1000, 1000, 1000, 1000, 1000, 1000, 1000, 1000, 1000, 1000, 1000, 1000, 1000, 1000, 1000, 1000, 1000, 1000, 1000, 1000, 1000, 1000, 1000, 1000, 1000, 1000, 1000, 1000, 1000, 1000, 1000, 1000, 1000, 1000, 1000, 1000, 1000, 1000, 1000, 1000, 1000, 1000], "training_time_seconds": 849.0462522506714}