{"episode_rewards": [2157.8322759511275, 3161.38205973804, 5353.308234431781, 6199.9362549444195, 6738.731759739807, 7155.189932724461, 6906.426221426955, 5961.601524275728, 6644.0913801938295, 6923.352716202867, 6656.985957678407, 6945.102914708721, 7088.178006792441, 6998.079388856684, 6947.018209124644, 6981.9587661307305], "episode_cells_marker_pred_1": [1039, 1082, 1672, 1968, 2075, 2160, 2088, 1851, 2088, 2113, 2075, 2124, 2176, 2144, 2137, 2147], "episode_cells_seen_pov": [144, 273, 694, 622, 813, 1213, 1334, 472, 598, 739, 571, 751, 876, 689, 630, 826], "episode_steps": [3000, 3000, 3000, 3000, 3000, 3000, 3000, 3000, 3000, 3000, 3000, 3000, 3000, 3000, 3000, 3000], "training_time_seconds": 985.4996666908264}