{"episode_rewards": [1484.288138717413, 747.5464877486229, 454.3037197366357, 1019.5937067568302, 607.07402998209, 135.46936842799187, 631.2887719795108, 250.65706193447113, 970.3037475794554, 1385.9321404164657, 1503.367184996605, 1462.0387753196992, 1371.018526391359, 1216.0693129450083, 1400.9863519072533, 1534.868314474821, 1545.4082358628511, 1647.1106808185577, 1790.892570361495, 1591.7452922537923, 1414.2535466412082, 411.12491308897734, 1673.8986332267523, 1727.9767245650291, 1784.8179579526186, 1510.4479361474514, 1502.8640550076962, 1667.0240648388863, 1496.4237715750933, 1604.0115182250738, 1797.0845053344965, 1768.7108851969242, 925.6256893277168, 1529.4189301107835, 1394.2266668975353, 1279.070106178522, 1632.799545764923, 1791.3364852964878, 1545.8493290245533, 1776.3497650027275, 1642.6376264260616, 1724.8892269134521, 1745.9819407686591, 1682.6387862563133, 1712.951169848442, 1379.5474774241447, 1291.26384678483, 1456.458899781108, 1750.7112212330103, 1861.2614103257656], "episode_cells_marker_pred_1": [271, 180, 118, 178, 132, 106, 117, 90, 164, 251, 272, 276, 275, 254, 258, 278, 268, 284, 302, 301, 260, 77, 264, 312, 314, 259, 284, 275, 267, 276, 309, 299, 187, 260, 265, 239, 291, 319, 281, 319, 328, 316, 287, 308, 315, 283, 243, 255, 324, 331], "episode_cells_seen_pov": [98, 51, 47, 66, 19, 10, 34, 14, 35, 34, 27, 16, 25, 11, 21, 24, 56, 30, 31, 16, 15, 19, 34, 16, 61, 43, 38, 45, 50, 14, 26, 22, 14, 23, 33, 43, 34, 52, 22, 20, 21, 49, 25, 14, 9, 22, 14, 46, 37, 53], "episode_steps": [1000, 1000, 1000, 1000, 1000, 1000, 1000, 1000, 1000, 1000, 1000, 1000, 1000, 1000, 1000, 1000, 1000, 1000, 1000, 1000, 1000, 1000, 1000, 1000, 1000, 1000, 1000, 1000, 1000, 1000, 1000, 1000, 1000, 1000, 1000, 1000, 1000, 1000, 1000, 1000, 1000, 1000, 1000, 1000, 1000, 1000, 1000, 1000, 1000, 1000]}