{"episode_rewards": [493.927541077137, 590.8613553140312, 1088.292212255299, 1156.0828729554196, 1161.2940119593404, 1187.5757329888183, 1118.1114281862974, 1076.6790453493595, 1124.8759940271266, 1139.519477673006, 1175.137925479561, 1180.2388899242505, 1205.5779533628374, 1160.9481666181237, 1180.7181944921613, 1197.5619785748422, 1197.5920592299663, 1206.1073595532798, 1177.4455875794217, 1196.7037941847116, 1245.747829990869, 1186.5413693003356, 1182.3241844251752, 1179.8298003261298, 1177.5477541200817, 1200.7882338594645, 1177.3325731735677, 1204.4572369626258, 1176.9006642093882, 1208.54201955162, 1178.051591040101, 1203.3828553929925, 1185.7241369886324, 1173.4914618488401, 1180.2763434648514, 1206.641249369437, 1196.50224091766, 1178.5695643264335, 1131.7126646526158, 1173.1896242387593, 1189.917749599088, 1167.3357095278334, 1164.1157505526207, 1184.745419977582, 1172.4821991641354, 1177.4833999247057, 1194.855517028831, 1196.964487447869, 1182.42670197002, 1194.926359111103], "episode_cells_marker_pred_1": [232, 249, 327, 347, 350, 353, 350, 334, 335, 356, 351, 354, 362, 343, 341, 357, 354, 351, 334, 352, 349, 358, 356, 352, 348, 351, 345, 352, 354, 363, 343, 364, 359, 341, 344, 344, 345, 337, 351, 349, 360, 347, 349, 346, 348, 343, 356, 358, 346, 355], "episode_cells_seen_pov": [72, 86, 200, 314, 292, 320, 268, 216, 264, 269, 335, 310, 341, 271, 313, 370, 357, 376, 357, 349, 365, 356, 333, 289, 341, 339, 298, 374, 351, 382, 239, 346, 307, 368, 326, 356, 382, 302, 214, 284, 381, 354, 280, 272, 323, 326, 334, 365, 308, 289], "episode_steps": [1000, 1000, 1000, 1000, 1000, 1000, 1000, 1000, 1000, 1000, 1000, 1000, 1000, 1000, 1000, 1000, 1000, 1000, 1000, 1000, 739, 1000, 1000, 1000, 1000, 1000, 1000, 1000, 1000, 1000, 1000, 1000, 1000, 1000, 1000, 1000, 1000, 1000, 1000, 1000, 1000, 1000, 1000, 1000, 1000, 1000, 1000, 1000, 1000, 1000]}