{"episode_rewards": [2556.609390616417, 3808.300886631012, 4514.400061011314, 6030.248381853104, 4612.670768618584, 6719.955920815468, 5232.165054678917, 3604.792776823044, 5226.205448746681, 3447.472793698311, 5519.908131599426, 5997.772040843964, 3902.847368836403, 4068.194870710373, 5519.731232523918, 5387.989680171013, 6585.782630801201, 6475.379194617271, 6660.626036643982, 6414.729172229767, 4792.990283966064, 6419.490961790085, 6413.706687927246, 5908.41601395607, 6368.282500267029, 6306.102732896805, 6104.305375814438, 6307.805149555206, 6050.045257091522, 6570.7288563251495, 6345.447016477585, 4997.425765991211, 5920.794472932816, 5633.805230855942, 5984.98853635788, 5992.365056276321, 6051.282068014145, 6267.1609146595, 5939.560554742813, 6205.624586820602, 4669.133878946304, 6393.062206983566, 5397.588467001915, 6208.658985137939, 6328.411143541336, 5086.086197853088, 6159.071032524109, 3799.5415341854095, 3971.8725917339325, 6243.839976429939], "episode_cells_marker_pred_1": [211, 303, 300, 354, 325, 357, 324, 235, 356, 209, 335, 356, 246, 272, 318, 328, 357, 363, 355, 362, 316, 356, 344, 348, 354, 341, 345, 360, 351, 360, 351, 297, 356, 315, 343, 357, 353, 357, 333, 349, 298, 353, 343, 352, 348, 312, 351, 232, 253, 343], "episode_cells_seen_pov": [83, 88, 183, 301, 269, 383, 298, 172, 354, 167, 294, 268, 168, 167, 253, 222, 350, 354, 356, 307, 249, 343, 356, 264, 300, 348, 279, 340, 272, 361, 329, 228, 277, 274, 279, 229, 311, 321, 275, 304, 165, 333, 212, 313, 299, 198, 281, 102, 188, 310], "episode_steps": [1000, 1000, 1000, 1000, 1000, 1000, 1000, 1000, 1000, 1000, 1000, 1000, 1000, 1000, 1000, 1000, 1000, 1000, 1000, 1000, 1000, 1000, 1000, 1000, 1000, 1000, 1000, 1000, 1000, 736, 1000, 1000, 1000, 1000, 1000, 1000, 1000, 1000, 1000, 1000, 1000, 1000, 1000, 1000, 1000, 1000, 1000, 1000, 1000, 1000]}