{"episode_rewards": [1753.8445415496826, 2267.621190071106, 1062.2756242752075, 3305.509999513626, 4042.342657327652, 5900.134616017342, 5823.346731185913, 5267.947764158249, 4838.392525076866, 2488.4641106128693, 808.1954212188721, 5677.087826967239, 6438.351272344589, 5524.209682703018, 5901.606096029282, 5614.239420413971, 5971.754748106003, 5897.000424623489, 6238.925000190735, 5698.30990755558, 6008.0724675655365, 6449.541556596756, 5974.551451683044, 6141.977332353592, 6255.343368291855, 6090.766105175018, 6277.145611047745, 5961.054873466492, 4356.8224619627, 3150.5854773521423, 6175.902492046356, 5802.087914943695, 6029.914037942886, 6114.9278383255005, 5890.845268726349, 5541.687932133675, 5618.070738792419, 5920.832312345505, 5458.451084852219, 4407.1559245586395, 5573.712567329407, 5584.552690029144, 6118.554913282394, 6189.592318058014, 4856.768073558807, 5610.269335150719, 5799.910642623901, 5812.302954912186, 5814.536480665207, 6134.25229203701], "episode_cells_marker_pred_1": [155, 215, 176, 249, 255, 343, 350, 355, 326, 200, 152, 346, 345, 344, 357, 334, 355, 341, 334, 323, 349, 360, 357, 341, 346, 338, 333, 365, 255, 211, 357, 346, 336, 356, 346, 328, 343, 343, 348, 248, 334, 327, 349, 341, 283, 334, 330, 344, 341, 339], "episode_cells_seen_pov": [53, 59, 25, 54, 150, 326, 359, 289, 274, 143, 76, 304, 367, 274, 223, 196, 275, 250, 225, 249, 237, 299, 255, 293, 300, 237, 282, 277, 203, 132, 325, 236, 238, 304, 189, 265, 310, 262, 211, 201, 253, 252, 327, 314, 203, 263, 258, 201, 246, 290], "episode_steps": [1000, 1000, 1000, 1000, 1000, 1000, 1000, 1000, 1000, 1000, 1000, 1000, 1000, 1000, 1000, 1000, 1000, 1000, 1000, 1000, 1000, 1000, 1000, 1000, 1000, 1000, 1000, 1000, 1000, 1000, 1000, 1000, 1000, 1000, 1000, 1000, 1000, 1000, 1000, 1000, 1000, 1000, 1000, 1000, 1000, 1000, 1000, 1000, 1000, 1000]}