{"episode_rewards": [726.9978007748723, 563.2123139239848, 433.2937563639134, 761.0101910755038, 830.7456175237894, 1010.412148239091, 1161.2671790700406, 1045.5996030624956, 1166.160163915716, 1093.9409679774835, 1183.4922055584611, 1170.632110753213, 1114.1081822607666, 1112.9876686524512, 1209.675089622382, 1184.6918741767442, 1191.0431142925322, 1198.7171188365392, 1143.1247350211197, 1181.9348966474063, 1147.405958505813, 1187.0449665838391, 1175.9719605436549, 1172.7994500467903, 1188.5995495497482, 1208.5743858925998, 1182.3483565591741, 1174.0924541633576, 1196.5816350749228, 1197.8048217265023, 1177.4392415578477, 1200.2084930455312, 1186.4822561601177, 1183.7524985105265, 1167.52549703978, 1169.8512203792027, 1173.699754934758, 1183.8384999707341, 1184.5369225247414, 1176.4760964494199, 1154.7363489140225, 1025.593255569469, 1183.532115998889, 1166.2931008247542, 1159.1337099276616, 1194.3646815094871, 1177.79137864687, 1193.8673783299162, 1194.9308745777234, 933.0135985496818], "episode_cells_marker_pred_1": [274, 291, 286, 309, 247, 314, 339, 310, 352, 341, 354, 347, 333, 339, 344, 349, 354, 358, 352, 358, 351, 345, 352, 352, 346, 352, 347, 342, 357, 359, 344, 361, 353, 347, 346, 353, 358, 359, 352, 344, 347, 347, 341, 344, 354, 353, 351, 357, 344, 351], "episode_cells_seen_pov": [125, 53, 48, 157, 147, 171, 282, 138, 237, 185, 315, 361, 250, 200, 348, 330, 347, 375, 249, 325, 312, 290, 301, 342, 359, 362, 352, 283, 346, 368, 367, 355, 361, 322, 236, 226, 305, 327, 317, 367, 299, 206, 311, 268, 198, 379, 327, 341, 352, 220], "episode_steps": [1000, 1000, 1000, 1000, 1000, 1000, 1000, 1000, 1000, 1000, 1000, 1000, 1000, 1000, 1000, 1000, 1000, 1000, 1000, 1000, 1000, 1000, 1000, 1000, 1000, 1000, 1000, 1000, 1000, 1000, 1000, 1000, 1000, 1000, 1000, 1000, 1000, 1000, 1000, 1000, 1000, 1000, 1000, 1000, 1000, 1000, 1000, 1000, 1000, 1000]}