{"episode_rewards": [2518.806616980781, 3371.2025369256735, 1484.5022405311465, 3639.9601925709285, 3698.263572510332, 5874.711030086386, 5746.08288046706, 6980.85295405006, 6749.691158453416, 6504.168299093377, 6271.410311988555, 6870.3816287264235, 6879.314721222252, 6992.643977358122, 6529.833445910597, 6693.842571915127], "episode_cells_marker_pred_1": [1078, 1213, 489, 1122, 1222, 1867, 1763, 2125, 2095, 2009, 1958, 2142, 2093, 2136, 2045, 2090], "episode_cells_seen_pov": [189, 189, 190, 423, 272, 659, 910, 973, 889, 757, 641, 696, 684, 753, 644, 666], "episode_steps": [3000, 3000, 3000, 3000, 3000, 3000, 3000, 3000, 3000, 3000, 3000, 3000, 3000, 3000, 3000, 3000], "training_time_seconds": 997.0874621868134}