{"episode_rewards": [875.4754032939672, 930.6577427908778, 1092.874697206542, 1031.146427989006, 1079.4028094112873, 1066.798723131651, 1084.287755779922, 1111.621616287157, 1062.0079605150968, 1129.7491075797006, 820.503727491945, 1058.522162444191, 1166.2514657456704, 1098.6820055712014, 1153.9896924570203, 1120.1549107208848, 1143.9111087648198, 1137.6527947014765, 1158.8525858772575, 1190.338248938322, 1159.5411836644635, 1193.1377860130742, 1113.8616930246353, 1149.2729545086622, 1157.7426241490994, 1175.490420714698, 1201.9438008163124, 1133.6478981672553, 1124.3561650151387, 1164.2029949761927, 1165.784362198785, 1192.2907323762593, 1199.6881203986704, 1176.1789734773338, 1177.5383370509371, 1183.013821370011, 1152.0642017442733, 1059.2582541884913, 1176.2971210907854, 1150.6307798603084, 1182.7539816703647, 1183.4554776791483, 1198.4804654247127, 1193.7383090565118, 1206.2076582023874, 1193.0188449118868, 1178.3260999871418, 1168.1310240150196, 1122.0608759857714, 1193.5842467900366], "episode_cells_marker_pred_1": [301, 281, 339, 347, 334, 326, 347, 345, 336, 340, 358, 361, 351, 338, 349, 324, 350, 350, 349, 352, 340, 359, 345, 352, 346, 346, 358, 347, 344, 350, 356, 354, 359, 355, 357, 366, 350, 356, 343, 347, 359, 339, 354, 346, 352, 357, 340, 353, 351, 356], "episode_cells_seen_pov": [117, 103, 148, 27, 84, 69, 142, 177, 239, 261, 219, 367, 293, 183, 292, 317, 252, 253, 265, 315, 250, 337, 222, 269, 294, 298, 353, 273, 187, 258, 245, 348, 357, 291, 295, 317, 261, 162, 286, 287, 293, 329, 339, 328, 368, 342, 332, 294, 215, 258], "episode_steps": [1000, 1000, 1000, 1000, 1000, 1000, 1000, 1000, 1000, 1000, 1000, 1000, 1000, 1000, 1000, 1000, 1000, 1000, 1000, 1000, 1000, 1000, 1000, 1000, 1000, 1000, 1000, 1000, 1000, 1000, 1000, 1000, 1000, 1000, 1000, 1000, 1000, 1000, 1000, 1000, 1000, 1000, 1000, 1000, 1000, 1000, 1000, 1000, 1000, 1000], "training_time_seconds": 903.7254664897919}