{"episode_rewards": [2318.983911514282, 2988.9764111042023, 2799.9861268997192, 2915.7837505340576, 6160.2905349731445, 6332.251363158226, 6403.109933495522, 6388.016489863396, 6137.509736776352, 6377.959648370743, 5748.5616681575775, 5847.878054976463, 6277.376352787018, 6211.477678894997, 6211.7189927101135, 5838.884498953819, 6064.158551931381, 5763.31988132, 5736.293085217476, 6152.19030547142, 6084.379215478897, 6080.845488548279, 6179.377525568008, 5768.333807110786, 6113.938949108124], "episode_cells_marker_pred_1": [167, 232, 182, 204, 356, 344, 356, 347, 337, 347, 359, 354, 352, 345, 351, 347, 344, 346, 318, 353, 360, 348, 361, 325, 358], "episode_cells_seen_pov": [82, 105, 140, 153, 356, 328, 362, 342, 286, 378, 337, 355, 336, 332, 333, 290, 305, 326, 309, 309, 316, 302, 328, 234, 282], "episode_steps": [1000, 1000, 1000, 1000, 1000, 1000, 1000, 1000, 1000, 1000, 1000, 1000, 1000, 1000, 1000, 1000, 1000, 1000, 1000, 1000, 1000, 1000, 1000, 1000, 1000]}