{"episode_rewards": [418.0224068383686, 466.20549392327666, 942.3356142640114, 1033.670484431088, 1010.1817087680101, 766.4543857830577, 1083.421967631206, 1147.8762480975129, 1167.8640227206051, 1126.6695932429284, 1089.6865913502406, 1155.8141843928024, 1186.0372189746709, 1139.9022039650008, 1149.671114968136, 1186.0956513431738, 1189.1043659979478, 1178.37050831737, 1180.405129859224, 1168.6681369058788, 1169.2070467025042, 1177.5333873387426, 1143.6978671102843, 1153.4267628975213, 1168.4699399614547, 1181.2766255950555, 1130.6955881309696, 1170.9203066241153, 1174.9013442788273, 1187.4597307284976, 1198.5845096074045, 1163.6176618712489, 1191.9791057272814, 1169.7077438633423, 1173.7751690624282, 1152.9115786775947, 1155.3671248005703, 1208.5743011697195, 1185.4228428546921, 1147.045154388412, 1120.3697339216014, 1185.5837272843946, 1150.3393444870599, 1155.1178586441092, 1103.6527655490208, 1045.815345560084, 1090.748160221614, 1184.3125949157402, 1151.279166592285, 1163.4328718762845], "episode_cells_marker_pred_1": [204, 239, 317, 331, 314, 328, 324, 341, 339, 347, 328, 345, 353, 345, 338, 357, 365, 350, 343, 345, 347, 343, 351, 342, 345, 366, 339, 345, 354, 360, 359, 347, 340, 358, 356, 340, 357, 357, 355, 352, 358, 358, 354, 360, 355, 361, 358, 355, 347, 356], "episode_cells_seen_pov": [58, 49, 151, 205, 130, 131, 195, 199, 288, 265, 178, 299, 369, 264, 284, 366, 349, 319, 282, 258, 289, 293, 264, 251, 294, 359, 283, 266, 341, 329, 352, 252, 298, 303, 267, 228, 276, 388, 339, 234, 303, 289, 328, 315, 260, 347, 321, 287, 371, 286], "episode_steps": [1000, 1000, 1000, 1000, 1000, 1000, 1000, 1000, 1000, 1000, 1000, 1000, 1000, 1000, 1000, 1000, 1000, 1000, 1000, 1000, 1000, 1000, 1000, 1000, 1000, 1000, 1000, 1000, 1000, 1000, 1000, 1000, 1000, 1000, 1000, 1000, 1000, 1000, 1000, 1000, 1000, 1000, 1000, 1000, 1000, 1000, 1000, 1000, 1000, 1000]}