{"episode_rewards": [4878.80289250426, 5427.195787161589, 5775.801444590092, 4365.536518172477, 4649.510202834383, 6281.833218273823, 6340.136369286645, 6926.687639360956, 6893.410710405728, 6952.288409026049, 6870.071786507881, 6027.21258639358, 6852.282533642778, 6895.041277933051, 6789.158635668457, 6935.7836293526925], "episode_cells_marker_pred_1": [1630, 1773, 1894, 1454, 1647, 1971, 1957, 2121, 2105, 2150, 2111, 1856, 2133, 2117, 2089, 2107], "episode_cells_seen_pov": [258, 267, 522, 621, 577, 761, 788, 987, 794, 769, 693, 538, 458, 559, 469, 662], "episode_steps": [3000, 3000, 3000, 3000, 3000, 3000, 3000, 3000, 3000, 3000, 3000, 3000, 3000, 3000, 3000, 3000], "training_time_seconds": 1341.210988521576}