{"episode_rewards": [591.7251549828798, 637.1388468033474, 663.5913022887107, 981.0034507457167, 308.0582417100668, 1036.82349271141, 1017.578757956624, 1132.7761751450598, 1155.2351560520474, 1177.6940422281623, 1154.4202465527924, 1163.7568751052022, 1097.389389815316, 1170.6631578307033, 1180.15618190635, 1151.7605187473819, 1090.995048534125, 1183.3906071931124, 1172.386555545032, 1165.7814156331297, 1194.0436807348597, 1193.7346532111987, 1195.0889920759946, 1170.9787373859435, 1153.8015252836049, 1201.369035743177, 1191.455546735313, 1165.54080908373, 1151.8811573330313, 1163.7236519246871, 1184.672627289212, 1171.3703892966732, 1099.4455344478483, 1186.5867607886903, 1153.3362417002209, 1130.5414876192808, 1165.6767591977048, 1190.4481778871268, 1131.7016745135188, 1173.3682389240712, 1182.5886137625203, 1172.9009034782648, 1140.185916468501, 1144.227941152174, 1155.3847225867212, 1129.7877721749246, 1173.0680241757218, 1110.7104021981359, 1131.853078711778, 1133.861769478768], "episode_cells_marker_pred_1": [246, 253, 245, 333, 300, 339, 316, 351, 343, 347, 349, 356, 342, 349, 344, 350, 343, 360, 361, 346, 350, 362, 355, 356, 360, 357, 352, 346, 343, 347, 350, 361, 344, 357, 343, 334, 344, 361, 344, 349, 357, 354, 353, 357, 354, 341, 361, 331, 342, 335], "episode_cells_seen_pov": [93, 74, 142, 162, 64, 86, 210, 298, 239, 288, 250, 289, 192, 334, 319, 293, 153, 344, 332, 252, 341, 341, 382, 287, 275, 330, 302, 269, 199, 243, 333, 327, 165, 338, 250, 175, 366, 343, 215, 254, 308, 277, 202, 235, 232, 177, 277, 165, 143, 178], "episode_steps": [1000, 1000, 1000, 1000, 1000, 1000, 1000, 1000, 1000, 1000, 1000, 1000, 1000, 1000, 1000, 1000, 1000, 1000, 1000, 1000, 1000, 1000, 1000, 1000, 1000, 1000, 1000, 1000, 1000, 1000, 1000, 1000, 1000, 1000, 1000, 1000, 1000, 1000, 1000, 1000, 1000, 1000, 1000, 1000, 1000, 1000, 1000, 1000, 1000, 1000]}