{"episode_rewards": [6435.338247843087, 10267.82141097443, 14287.821693599224, 13831.659274429549, 11744.281356770545, 14336.408656695858, 13873.545929931104, 13616.858123530663, 14773.247275626678, 15035.155241551809], "episode_cells_marker_pred_1": [1479, 1811, 2091, 2144, 1925, 2132, 2115, 2127, 2158, 2169], "episode_cells_seen_pov": [431, 514, 1723, 1508, 532, 1416, 1242, 1199, 1590, 1746], "episode_steps": [5000, 5000, 5000, 5000, 5000, 5000, 5000, 5000, 5000, 5000]}