{"episode_rewards": [193.49532747268677, -119.2664121389389, -198.90392589569092, -302.1745494604111, 134.83670139312744, 126.9543948173523, 144.17281579971313, 194.99928426742554, 106.6887698173523, 186.82747793197632, 230.68619108200073, 246.28446245193481, 152.75402426719666, 234.67247569561005, 146.51012063026428, 348.62862491607666, 273.026654958725, 283.8234382867813, 203.4826467037201, 191.00580549240112, 1196.4067306518555, 1596.9620708227158, 1305.5032444000244, 807.403001666069, 1172.2325148582458, 783.4752893447876, 1267.9450815916061, 1325.556876897812, 1285.0650539398193, 1270.9813076257706, 1660.5666151046753, 1582.6418330669403, 1583.8214967250824, 1491.1444556713104, 1430.3363654613495, 1629.8235878944397, 1158.2554899454117, 1582.0383684635162, 1580.8665461540222, 1630.0218490362167, 1246.2858650684357, 1635.5632977485657, 1644.8102271556854, 1632.5976235866547, 1473.4754499197006, 1449.5526249408722, 1609.3897063732147, 1639.554496049881, 1601.629120349884, 1711.9946012496948, 1644.4286425113678, 1403.078426361084, 1206.7458198070526, 4246.9138959646225, 4727.744836091995, 6019.811513185501, 5570.534951686859, 6456.034269809723, 5430.6167821884155, 6303.869371414185, 6352.427835226059, 6549.377485990524, 6036.3358364105225, 6521.196904420853, 6191.4239246845245, 6201.242358207703, 6328.385242462158, 6016.075155258179, 5447.57448554039, 5872.399088859558, 5954.43692779541, 6383.897162437439, 4715.179328203201, 5926.061341047287, 5296.124787807465, 5428.341621398926, 4734.736113548279, 3647.9537076950073, 3938.6874005794525, 5606.301398992538, 6381.782343387604, 6286.526391983032, 6519.121508359909, 5081.3495671749115, 5865.343537569046, 6278.2584356069565, 6145.923188924789, 5258.379465341568, 6202.164831399918, 5657.23633480072, 5552.5246567726135, 5967.275349617004, 6226.128274202347], "episode_cells_marker_pred_1": [21, 21, 15, 7, 16, 12, 16, 16, 9, 15, 16, 18, 16, 19, 20, 21, 21, 20, 19, 18, 73, 94, 84, 57, 75, 57, 82, 85, 77, 76, 86, 88, 89, 89, 83, 90, 88, 89, 86, 86, 88, 87, 87, 90, 86, 90, 83, 87, 92, 88, 95, 85, 74, 284, 288, 338, 328, 347, 319, 354, 358, 342, 316, 340, 348, 345, 350, 335, 334, 348, 352, 354, 273, 336, 336, 315, 293, 226, 254, 322, 341, 356, 352, 314, 352, 351, 348, 309, 351, 339, 343, 347, 353], "episode_cells_seen_pov": [14, 1, 0, 0, 1, 0, 3, 2, 1, 2, 5, 8, 3, 8, 8, 17, 9, 14, 8, 6, 40, 89, 62, 42, 55, 28, 64, 68, 52, 46, 90, 80, 92, 85, 82, 93, 87, 87, 87, 90, 66, 93, 94, 91, 64, 94, 96, 85, 85, 97, 93, 71, 61, 116, 220, 271, 237, 333, 231, 313, 316, 337, 328, 350, 286, 318, 336, 263, 236, 278, 288, 328, 233, 261, 278, 221, 211, 102, 180, 290, 303, 316, 354, 165, 236, 303, 347, 244, 327, 234, 230, 263, 308], "episode_steps": [250, 250, 250, 250, 250, 250, 250, 250, 250, 250, 250, 250, 250, 250, 250, 250, 250, 250, 250, 250, 500, 500, 500, 500, 500, 500, 500, 500, 500, 500, 500, 500, 500, 399, 500, 177, 500, 500, 183, 500, 500, 500, 250, 258, 500, 500, 500, 500, 347, 413, 278, 500, 500, 1000, 1000, 1000, 1000, 1000, 1000, 1000, 1000, 1000, 1000, 1000, 1000, 1000, 1000, 1000, 1000, 1000, 1000, 1000, 1000, 1000, 1000, 1000, 1000, 1000, 1000, 1000, 1000, 1000, 1000, 1000, 1000, 1000, 1000, 1000, 1000, 1000, 1000, 1000, 1000]}