{"episode_rewards": [212.1450558900833, 33.09159851074219, -159.83392214775085, 86.28613007068634, 39.666555881500244, 6.291777491569519, 57.261138677597046, -126.84493350982666, 78.27556264400482, 80.53680181503296, 107.94820070266724, 294.83694219589233, 309.0341091156006, 409.9231901168823, 334.1845294237137, 324.5123413801193, 248.26424872875214, 460.498232960701, 333.04736363887787, 264.9384582042694, 1566.9383380413055, 1657.9694728851318, 1601.1758205890656, 1587.6204499006271, 1470.8479692935944, 1295.8656784296036, 1552.7262198925018, 1421.4719783067703, 1703.5256929397583, 1688.3812012672424, 1560.5136476755142, 1626.965829372406, 1583.613329052925, 1661.4798008203506, 1708.7922730445862, 1704.0279487371445, 1612.8776832818985, 1415.6266366243362, 1619.8368301391602, 1626.8385390043259, 1577.884624004364, 1644.0305988788605, 1312.361892938614, 1609.5446872711182, 1063.31445646286, 1690.9023225307465, 1665.7196726799011, 1668.7100417613983, 1616.191519021988, 1594.651085615158, 1238.0567948818207, 1119.397934436798, 1455.0430347919464, 1602.6007788181305, 1507.405133485794, 1533.8371304273605, 4319.614359617233, 4080.1771507263184, 6407.136874437332, 4553.522046804428, 6242.109883308411, 6320.4786694049835, 6376.941955089569, 6079.125445127487, 5966.508556842804, 5865.778995037079, 5624.3423640728, 6260.14156627655, 6475.317060709, 6375.483527183533, 6101.414573669434, 5383.962576627731, 3032.1414380073547, 2823.3659987449646, 4025.4429326057434, 6068.540778160095, 5709.3931386470795, 5564.962633609772, 5833.409210205078, 5104.074785232544, 1590.2999098300934, 4460.84780216217, 3537.266691684723, 4481.307465195656, 5135.591514348984, 6142.4331884384155, 3234.094005346298, 2281.035744190216, 6053.97859120369, 5924.317202568054, 5951.939874649048, 6238.516107559204, 1811.3887530565262, 6134.687448978424, 6175.831099510193, 3152.1873145103455], "episode_cells_marker_pred_1": [20, 17, 16, 11, 11, 9, 11, 9, 13, 12, 19, 23, 23, 21, 21, 24, 22, 22, 18, 20, 90, 90, 91, 91, 90, 86, 90, 85, 89, 88, 91, 93, 89, 85, 90, 86, 92, 90, 93, 86, 93, 92, 84, 91, 89, 92, 87, 77, 88, 90, 86, 80, 87, 93, 88, 91, 283, 261, 350, 292, 359, 361, 353, 338, 343, 348, 320, 357, 347, 360, 348, 321, 182, 184, 240, 352, 336, 333, 336, 308, 126, 271, 250, 269, 357, 351, 212, 146, 343, 352, 354, 361, 212, 342, 359, 260], "episode_cells_seen_pov": [13, 5, 0, 0, 0, 0, 0, 0, 0, 1, 10, 9, 16, 20, 18, 14, 22, 19, 19, 17, 76, 92, 88, 77, 92, 88, 92, 81, 89, 88, 82, 96, 93, 94, 97, 96, 81, 80, 98, 94, 92, 75, 66, 90, 95, 97, 97, 91, 89, 98, 59, 38, 90, 86, 88, 93, 191, 177, 337, 212, 299, 298, 323, 327, 275, 298, 316, 335, 368, 353, 298, 296, 139, 136, 208, 335, 298, 307, 241, 216, 91, 223, 156, 194, 235, 307, 131, 97, 224, 301, 260, 329, 100, 297, 322, 142], "episode_steps": [250, 250, 250, 250, 250, 250, 250, 250, 250, 250, 250, 250, 250, 250, 250, 250, 234, 225, 250, 250, 500, 359, 476, 279, 500, 500, 500, 500, 347, 243, 500, 393, 408, 173, 179, 222, 165, 500, 500, 500, 500, 161, 500, 500, 492, 500, 500, 195, 500, 500, 500, 500, 500, 207, 500, 500, 1000, 1000, 1000, 1000, 1000, 1000, 1000, 1000, 1000, 1000, 1000, 1000, 1000, 1000, 1000, 1000, 1000, 1000, 1000, 1000, 1000, 1000, 1000, 1000, 1000, 1000, 1000, 1000, 1000, 1000, 1000, 1000, 1000, 1000, 1000, 1000, 1000, 1000, 1000, 1000]}